88,88,88,88,88,88
95.153716,94.708362,91.853019,87.772561,83.993374,81.7595
93.609674,97.674839,98.196657,94.969774,89.44185,83.811828
97.112406,98.180488,99.23014,96.008484,90.113102,83.833124
97.38827,98.094564,98.602465,94.737491,88.265508,81.553883
96.038522,96.601365,96.986024,93.091481,86.661867,80.022301
99.492314,99.739545,99.836107,95.561029,88.728086,81.726182
100.570088,99.527605,99.192476,95.62723,93.097814,82.154258
100.198962,98.686041,99.35465,96.021759,93.22685,78.959905
100.388017,100.141077,103.213739,97.548816,95.20929,79.184069
101.141386,101.735154,104.401475,97.197965,93.267263,78.421401
99.636254,104.890588,102.79596,96.444632,95.027533,77.857093
98.004525,104.240824,108.136068,95.625963,94.678273,79.811027
95.826091,107.052898,109.04793,94.138215,94.572642,83.525275
92.571067,105.673795,111.410051,94.572002,93.648355,83.410999
94.421654,106.176083,112.59316,96.128831,95.857713,86.339745
97.374838,106.803306,113.824033,97.463836,97.404517,87.985745
96.048685,106.903888,114.320793,94.194424,97.892255,89.627125
96.85394,105.727234,114.681259,95.630686,95.125141,91.087284
99.257266,106.102662,112.167596,95.813833,97.102113,90.645299
98.72511,108.664126,112.292117,93.817194,97.482424,92.395357
101.202385,112.039814,114.28869,93.760576,96.467403,91.734902
104.62786,112.358099,112.434123,92.048005,95.686679,91.903219
103.657489,110.447379,110.593206,91.155953,92.923014,91.368948
100.616147,108.750185,110.235634,91.490819,96.063354,94.093411
100.320273,107.522639,110.435916,92.219094,96.665651,97.365137
100.677607,110.812451,113.035175,93.536205,97.119999,98.054321
99.194645,113.104482,113.418375,91.153993,98.76338,99.972206
97.866854,111.98285,116.277638,90.622135,96.413808,102.67347
95.650468,112.827384,114.723851,92.654013,95.764424,103.881076
93.703207,113.716363,112.846407,95.618805,94.652763,106.322899
90.969653,110.987201,111.275734,95.27949,94.778597,108.97428
89.761987,111.394284,112.660082,96.474791,95.169787,111.582221
89.277435,109.064984,111.374317,96.135798,93.930542,110.901867
89.707473,111.365983,113.005553,96.742805,96.468252,112.864232
89.565961,110.525126,111.527385,95.123832,94.793794,111.247905
88.482865,109.26111,110.656375,94.978062,95.401797,112.863096
90.428796,111.414904,112.147043,95.482281,95.159069,111.932407
90.796945,110.771485,110.713494,93.975051,93.760908,110.768314
88.690091,112.924685,111.340564,90.711593,94.229285,110.502272
88.572782,110.667676,115.064117,88.954844,94.088413,111.642284
86.222604,112.718253,116.251015,87.314907,94.47466,112.878387
87.32372,114.878112,113.988659,87.163687,95.992716,112.143183
87.456502,118.12608,114.048054,85.315555,95.597319,114.074299
86.249728,118.277193,115.066496,85.462514,91.67482,113.827223
88.033803,120.162432,116.435109,86.128964,95.105194,116.313122
86.365275,118.348088,115.086847,85.46926,91.272248,113.459009
87.904149,117.445305,117.499327,84.742204,91.564312,113.463821
88.987717,116.533307,121.215849,82.964014,92.871322,108.524468
88.128725,115.595607,122.325131,81.335797,95.2202,108.392385
86.240698,119.957267,121.503715,81.417203,96.970328,107.842551
85.15512,120.216465,123.009939,78.393106,98.38495,107.379126
86.250417,115.762727,124.742108,78.171787,97.304861,111.615775
85.914926,118.466411,122.134617,77.481459,100.297892,111.250934
85.161779,118.613025,126.970886,76.438915,99.998255,112.384881
84.583445,116.679085,125.426185,77.366748,101.109178,114.649135
84.96729,116.176654,122.639926,74.406274,100.57633,115.396626
82.705203,115.064877,120.262462,74.123815,100.159048,115.524823
82.880428,114.759691,118.479146,73.654896,97.954194,115.064261
84.133506,113.439245,114.830458,73.482676,100.07684,116.036136
87.680002,114.951709,113.8625,72.547305,98.421135,116.488953
90.259299,115.485818,113.670419,71.103886,97.379029,113.820811
86.906987,113.843878,110.847859,68.127255,96.389059,112.72481
85.773122,115.544662,106.814223,68.541126,97.169532,108.105623
87.639751,115.218178,104.372036,70.25212,96.005698,109.262887
89.043861,115.519046,106.486719,70.508978,95.651319,108.496191
87.924334,115.54188,107.727509,71.019648,98.091524,109.371619
89.403404,114.728531,107.834244,71.294079,97.808227,113.010555
91.13394,112.622071,109.62819,70.536345,98.279895,110.631324
91.937622,111.681006,108.077914,70.015721,98.471835,116.432667
93.719238,113.450595,108.295322,69.447193,97.762134,113.801964
93.412733,109.920112,108.377076,72.461329,98.30335,113.109697
94.637322,109.426424,106.562517,72.151387,100.401396,113.443821
93.352286,110.431581,103.015543,73.421359,99.982832,113.216057
94.218767,110.38792,101.658842,74.888775,98.253781,114.494131
91.459702,110.885805,104.121781,74.305617,96.612763,115.693737
91.596202,113.939851,103.492967,72.836768,97.564592,117.393789
90.480143,117.657086,102.437303,73.586056,97.72671,115.641856
89.430753,118.145698,103.11444,71.926031,98.263749,114.241906
86.478679,116.069205,102.783075,73.330018,100.695189,116.347196
86.425551,117.690128,104.214583,76.666302,102.056171,116.03264
88.668042,115.73653,104.917326,76.791945,99.276269,119.531404
88.881431,116.925404,103.598014,77.45994,96.363642,120.376306
92.26535,117.9267,103.419073,74.643022,94.808215,117.72033
91.496363,116.656405,100.907447,71.987318,94.746535,119.811862
91.288689,117.115446,100.5015,72.404272,94.184357,120.743963
91.863722,116.398771,101.250304,71.902278,94.936511,119.875104
91.545397,118.466934,100.738686,69.34204,95.988579,120.604078
92.195426,118.841381,98.202449,71.036468,96.772373,118.136643
94.102791,117.517965,97.906414,73.880445,95.957172,116.317341
95.062171,118.861865,97.148326,73.810019,98.539828,114.851263
94.468223,119.081428,98.966477,73.506348,95.787418,114.776915
96.207559,119.250459,97.502168,72.841022,96.352188,116.609189
98.885529,119.544302,95.044576,73.015593,98.4149,116.418472
97.841355,120.97149,95.00616,72.451716,99.444254,116.772689
96.466859,122.987858,96.709347,71.768654,98.596656,119.185425
96.342155,118.582055,98.19941,72.248778,95.484729,119.298129
97.521562,122.893632,99.153121,72.22493,92.475849,117.614979
95.854204,122.415446,100.036144,73.97081,94.96114,117.343824
96.85725,122.120929,99.690159,74.664677,94.526089,116.014083
95.226422,122.046581,102.039699,74.687586,92.116007,116.586013
94.858056,115.945691,98.047155,71.993971,88.999322,112.881833
95.192801,119.478377,99.819602,72.853142,89.629892,113.217892
97.83038,119.240428,97.282259,74.383745,89.391593,112.850024
99.569242,117.319717,100.289282,74.420307,89.107543,115.623929
98.623327,115.191646,102.366591,74.368676,87.99604,116.610102
97.258066,119.439514,102.403986,74.244064,89.703118,116.770513
98.275068,116.173283,103.265868,75.633126,88.255902,116.235796
95.42148,116.217033,105.812774,74.640471,87.280357,118.299899
96.921362,116.99515,104.809141,74.042768,87.689008,119.146259
97.335114,115.561636,104.034344,74.595028,88.437255,118.966764
99.890139,119.914904,104.873352,75.096014,88.202626,116.233109
100.219783,118.441339,104.119052,73.791053,85.854385,111.974613
99.357335,119.486916,102.716525,73.348645,86.529375,110.399779
96.448617,119.800398,104.134845,71.215313,86.791312,111.755298
95.818831,122.850241,107.223272,70.536649,85.094479,112.184324
96.381425,127.690351,105.65645,68.882309,85.662251,114.053167
96.360872,126.526265,106.814678,68.912829,84.695657,115.457887
97.419287,125.818494,106.236686,69.821983,84.187897,114.634494
97.683837,125.301576,103.633957,68.80932,81.878155,114.062279
99.956305,126.412267,105.060247,68.723351,79.973104,111.927695
98.435469,122.636787,106.967388,69.903645,78.662099,111.196049
103.056961,120.670186,104.592708,71.182884,79.593972,109.566392
102.25789,118.888506,101.944036,70.791259,78.549041,107.379433
104.13149,121.503673,104.546578,71.089888,79.012806,107.85752
104.442496,122.867058,103.908091,69.594768,79.400997,111.197396
104.552417,120.431465,103.353485,70.686233,80.351043,110.785811
106.766757,117.548543,103.322557,71.761489,78.650887,111.09268
107.509891,119.980304,102.679219,72.333834,79.664231,106.95187
106.560921,122.52724,103.868986,73.116986,78.573166,106.228388
104.33282,118.93071,103.949103,74.445665,80.814195,106.341705
102.873332,119.742438,106.441097,76.767134,82.942505,107.638665
106.176127,123.729574,108.797653,77.067997,81.783249,104.935996
106.414882,121.553978,107.908643,75.763752,80.865683,105.293329
104.41403,118.547659,107.727585,76.481798,83.304734,106.246655
106.389822,121.119916,109.090202,76.630531,81.954384,103.778774
108.820943,121.533499,108.236165,76.171665,79.523182,102.971585
114.419956,120.298869,107.901601,77.87561,79.592484,100.513864
115.516811,122.625049,107.517595,77.215617,80.296527,99.853615
115.265536,118.368196,106.087415,77.802624,84.646223,100.848799
114.105164,117.594367,108.177902,78.831061,84.323593,98.3107
111.50326,114.532526,108.445771,80.514393,84.999302,99.956023
112.428112,119.563039,110.297283,82.148745,85.080895,98.864356
111.914111,120.398513,110.422984,80.583845,88.662309,98.293371
111.663088,123.001721,110.30915,81.132762,90.533666,96.548769
114.848996,124.852521,109.388789,81.032156,89.926328,95.733142
113.001038,120.810879,104.971913,80.942354,89.882282,96.232078
111.34387,120.769312,108.681184,81.569951,88.418218,95.771476
111.370326,121.670069,109.484557,79.658821,87.844612,96.760852
107.471672,123.157877,107.18138,82.492726,86.921663,98.848542
107.084261,123.372977,106.95161,82.870539,86.838536,99.151269
104.340009,124.021709,106.749071,82.454387,87.176558,98.048469
108.089599,122.557547,109.145269,79.855308,87.86453,96.769102
108.101451,124.109629,111.793131,80.985916,87.401995,94.951472
108.689198,125.408936,111.159431,78.275573,86.653879,94.865774
107.941218,122.043984,108.075901,77.558248,88.074122,97.80293
111.298486,123.822774,106.855861,75.35654,85.831398,97.355342
107.933516,121.881695,108.195851,77.262821,83.944218,96.792136
111.332185,119.628338,107.288289,80.393913,84.987298,95.469647
107.909631,118.749963,105.81997,79.401467,84.780056,95.911951
109.060608,118.667075,104.855219,77.694116,81.549737,94.942609
105.713123,121.148578,105.3337,77.57606,82.161528,94.176139
104.627276,125.060028,100.883623,77.762755,82.114063,93.743487
105.964279,125.088865,99.763742,74.351806,80.587496,90.847857
108.409628,126.090013,101.718691,76.243708,80.582496,89.137432
110.51685,124.494627,101.049738,77.039127,80.608872,85.924417
111.825579,126.12947,99.818608,76.879078,80.969377,85.048501
108.461527,126.863788,101.917211,78.601383,82.085696,85.290475
103.002282,122.688404,100.157222,78.593244,82.990707,86.334549
105.493653,121.453243,99.460246,81.12499,84.018303,84.877954
104.335933,119.703543,100.223344,83.045137,82.114351,84.438655
106.269932,118.897022,103.187448,81.649672,82.793998,82.480091
106.448871,118.7613,104.327857,80.923051,83.306884,80.604164
105.039678,118.704662,106.115075,82.416433,83.874893,81.457578
106.318374,119.534921,108.765267,82.809572,83.620521,79.227344
106.800627,117.871289,109.748827,84.70796,83.028652,77.036659
109.498263,117.884193,105.382737,85.528852,84.01817,74.984053
106.652026,115.289851,103.433452,84.227627,83.0123,74.344963
107.628123,116.317491,104.314805,84.894197,83.594595,74.766203
112.169616,116.697244,105.162212,85.820653,84.661578,75.797784
110.968136,116.709141,105.251825,86.057071,85.116533,76.443917
112.617011,116.233635,104.827458,84.858251,84.034814,76.749849
110.537852,112.52924,104.513754,85.050927,85.508789,79.071654
114.096457,111.293242,106.509321,83.613145,85.518507,80.066419
115.642588,111.467469,105.215969,86.528016,84.398306,81.81792
114.63715,112.713374,105.304289,85.527076,85.058239,79.911691
113.758951,115.631986,104.217374,87.542651,84.622016,80.333571
113.861903,115.370505,106.952855,85.616279,86.012287,79.849154
112.205227,116.039901,104.786343,86.167589,86.276366,79.535465
111.147628,115.245483,107.799268,87.112701,85.770831,76.279381
111.155239,117.606167,110.245113,86.541663,83.873959,76.155375
112.815406,119.286246,109.813966,84.922942,85.236551,76.509923
115.530929,118.072626,109.360617,86.899945,86.196421,75.945331
116.408445,121.08484,112.062716,87.50948,85.010651,74.189045
119.697262,122.556334,110.863878,85.407392,83.344817,74.075698
118.757308,121.905132,111.73658,87.648009,87.000204,74.590533
119.354349,123.816162,114.158889,89.002153,86.396789,74.042395
120.297764,121.949505,113.886821,91.707557,84.868609,74.167043
120.459307,119.369587,115.485153,90.120664,84.457299,74.38608
123.448091,117.084019,117.244112,89.358231,87.955466,72.729877
122.815227,117.176474,117.617001,89.065328,90.436149,71.046067
123.476531,116.737179,117.877,89.268226,89.85863,72.004476
122.373732,118.391018,115.874414,91.185984,87.808271,73.879352
124.529621,116.733768,113.513309,92.154004,87.542757,72.259003
125.053013,119.263726,110.001784,92.002649,89.18809,71.248275
122.94101,118.958956,110.544203,96.362278,91.816328,72.760023
126.050965,121.537143,112.021811,100.665513,92.609796,72.488685
124.810103,124.338398,107.095426,102.411427,89.944201,73.209092
125.443398,123.545799,107.946472,102.394586,89.721484,73.399445
120.17439,122.04632,106.893652,103.255572,90.53485,74.942523
118.926733,122.811657,109.179183,106.997364,91.19006,74.955469
121.277641,121.981213,109.07409,107.581189,87.76855,77.351333
123.812746,119.55099,110.904498,106.645297,90.40009,76.83235
120.934343,118.67065,112.595506,106.717102,87.127859,77.501479
122.763569,116.40577,112.294469,107.603005,86.717617,75.540786
123.602457,118.413731,115.811633,108.358373,88.035587,76.847972
122.082425,116.726593,114.61274,108.431188,88.655664,78.232283
121.700942,116.26104,112.429663,105.382231,88.336237,78.994868
118.601177,115.821561,112.286222,107.488685,89.50699,80.935581
117.720812,116.108762,112.44437,107.232599,89.844473,80.793505
123.112309,112.60177,115.24495,105.315891,91.032004,80.373084
126.387083,113.907801,117.834238,109.028723,91.8927,81.507458
122.428342,113.1705,117.32294,109.546131,92.347094,82.705833
123.742268,112.741202,116.133623,110.617475,93.161138,81.583129
123.561542,111.582235,116.96581,111.752188,92.102827,81.101215
123.375929,108.980915,115.100803,115.292374,93.028266,81.061332
125.773591,109.618221,112.066398,111.211935,93.42119,82.417131
126.412841,109.178043,112.579097,110.824488,93.795306,82.180128
126.41387,109.268214,112.57325,110.920967,93.787871,82.252297
127.121829,109.251133,112.70894,110.877957,93.882743,82.260507
132.745726,108.685834,113.918213,109.404255,95.525391,80.660754
132.180401,108.584488,115.789964,107.793438,94.736526,83.403076
132.62128,107.336202,116.486587,109.482657,92.42295,83.759539
130.752414,106.970181,116.707231,109.635622,94.054115,85.084804
126.666613,104.560956,115.026584,109.391978,91.891664,84.067698
129.116951,103.806001,116.900537,108.902313,91.930697,84.692594
130.783487,102.981774,120.416396,106.87045,92.702492,82.361402
130.450452,100.678872,121.892108,108.202486,91.921502,79.777574
128.719591,101.336411,126.545493,107.764377,90.073343,81.07162
132.308901,101.784952,124.26576,108.17196,90.762179,79.015976
133.809285,99.498032,124.402551,109.671513,90.476816,76.469857
135.466933,101.393758,123.822204,106.319999,89.649819,77.555489
135.239647,103.750102,125.494246,106.838636,88.571886,75.137416
133.86291,103.061915,127.849947,106.76499,87.666308,76.026129
132.836286,106.570597,127.355641,106.661368,89.619247,76.071805
134.546817,107.11003,127.224751,102.718013,86.643074,74.933368
134.099654,106.247119,126.6366,100.559622,87.471609,76.958213
137.81038,108.536719,127.991763,100.704948,85.933862,75.099946
136.553704,109.17622,129.555412,101.622448,89.033849,76.145963
133.524663,110.943651,129.157666,100.389071,91.096155,74.939878
132.379632,110.270801,130.247154,97.107558,92.112086,75.384304
128.005532,110.377619,131.089868,95.641623,93.200358,76.109359
129.133643,110.255429,132.286112,95.689619,91.689109,77.943064
131.728544,113.109087,136.542755,99.648417,92.328129,78.792224
130.886657,112.743477,136.806531,100.678289,92.645619,79.421258
129.98676,111.947172,138.190443,101.727771,91.616543,78.471332
130.84349,111.037033,137.04241,102.858803,92.684993,77.5334
133.699806,108.602455,138.445015,103.259448,91.457677,79.194829
133.894933,110.460448,133.392698,104.092848,90.874763,78.852787
135.070739,110.519443,133.05176,102.432318,89.8998,76.675569
132.341441,110.437514,130.483173,98.681903,88.691578,75.135024
126.737732,111.756388,130.60395,98.029785,90.721521,73.025547
126.686082,113.138935,126.850461,98.737132,90.792195,70.905829
126.312416,114.450109,128.546598,99.156506,89.237261,70.727607
125.980012,111.907064,128.882314,102.604845,89.935113,70.50059
126.160792,108.467644,128.527519,105.635061,87.219663,71.397934
126.19743,105.21229,133.626478,103.578806,86.509971,73.399425
124.743897,104.045433,132.211792,102.544026,85.707119,72.780743
127.370085,106.011217,134.440868,104.073518,86.823779,73.593483
125.391367,106.713533,137.081591,101.439048,87.126649,74.379708
126.214965,107.533002,132.657512,101.003326,88.806269,73.989432
127.364949,107.763592,131.270938,102.692452,87.406469,74.881108
125.232942,109.827556,129.46067,103.361661,87.728188,74.096184
125.697145,107.786481,129.54308,105.763858,87.691427,72.217155
121.217207,107.74144,136.814203,105.683394,87.001721,72.522631
117.828183,107.906646,141.94725,107.372312,87.023512,70.991632
119.941,109.826011,144.284366,106.079182,86.99506,70.585933
119.963129,111.75043,142.157823,110.587349,85.647266,70.76432
118.697859,114.639545,141.295081,109.841183,86.960819,70.205245
119.11042,112.922547,141.013997,112.953299,86.69527,69.806451
120.271262,113.351439,138.106551,112.971131,89.95077,69.749051
119.101121,118.425286,134.174319,115.451158,88.7171,70.240554
119.557582,117.719761,134.098762,116.027541,88.235077,70.567016
121.327599,118.852279,136.961555,120.19709,89.101993,71.552308
116.526988,117.728507,135.776699,120.231837,89.498625,72.615311
119.525948,118.843121,134.193889,117.749833,88.406929,72.984408
118.830103,116.248836,131.691094,117.637527,89.811074,74.335594
120.807555,115.877548,131.648081,118.159035,88.484512,75.103177
125.122186,113.955028,136.469145,116.342498,91.18655,74.262919
123.89167,114.46543,136.662264,115.808001,91.945433,73.579904
127.616073,111.439062,140.108702,113.417709,93.616395,72.60318
127.165437,109.680403,135.432538,111.793434,91.070568,72.022483
127.823553,111.050461,137.413122,112.080655,90.852026,71.833473
127.877411,113.534096,141.094359,114.76055,92.288959,72.295959
126.672612,109.343083,138.990516,114.758867,93.098733,73.030618
127.900404,110.852602,139.702163,111.737032,89.694852,73.737626
134.776437,110.934192,136.93269,110.409684,94.49462,74.516381
133.109356,111.974251,138.689742,109.55592,96.157629,73.709981
132.479104,114.35751,134.443511,109.995016,96.827333,71.913092
132.165798,111.096051,134.056049,112.198592,100.444366,71.33367
134.308185,111.3874,132.811203,110.835754,103.900697,72.494993
131.292373,109.250774,132.351139,110.133063,104.438093,74.519512
135.445564,109.705923,132.08993,107.635272,103.472192,73.754762
131.640319,105.635942,133.845897,111.349561,103.107916,71.632175
137.795285,103.712434,129.222842,112.290661,106.460305,71.634125
139.715546,102.967969,124.607771,112.603117,108.791477,71.489202
139.008482,100.703459,125.889582,113.987182,108.518954,69.192366
135.938081,102.459597,125.256534,113.098583,110.742786,67.459609
136.6795,100.797024,128.310605,110.523948,112.54506,67.3015
137.149325,101.379551,127.399671,110.838368,109.895471,68.509417
131.137578,104.02367,125.638988,111.168204,108.368725,68.855368
134.585508,107.144346,126.159923,111.049643,107.07378,66.801684
133.057298,103.769161,124.830759,109.00388,104.603048,65.177681
130.783008,102.858813,124.888611,110.121524,106.716242,67.127228
126.0894,98.784751,119.700248,105.546207,102.496572,64.743433
125.684376,100.96813,119.911344,104.861831,102.859093,66.345841
127.361953,101.355367,116.182644,104.956978,104.597156,65.871854
128.480856,100.785005,112.115287,102.737681,103.980758,65.728861
124.945177,99.31524,109.858015,103.1071,104.718561,67.65704
123.849002,97.774276,112.645548,102.077681,103.528749,69.151534
127.117748,95.833097,112.401158,104.307992,101.602994,69.191657
121.169493,95.289272,112.615887,105.417087,101.25677,68.244395
120.035828,97.252231,112.731106,103.452242,101.043002,69.483842
118.482714,96.328623,112.600931,102.23543,101.675352,70.661346
117.839353,96.497488,112.788009,105.826979,104.663567,71.95207
111.370127,96.531161,116.026015,103.636719,104.273946,73.34407
108.280839,100.272372,114.46948,102.029669,106.695046,72.974794
106.182452,98.837583,113.927559,102.870489,109.121231,75.649351
105.108923,96.914545,110.937221,99.931309,106.382703,74.501517
104.034502,96.555233,113.368709,99.992064,102.801273,74.665382
103.883669,99.927293,113.58263,98.925134,102.957713,76.31961
103.410565,101.505293,110.827057,101.958126,99.796999,76.407365
102.127282,102.760722,110.537117,100.647143,104.466609,75.591151
100.933354,104.428864,112.79815,100.761835,102.465743,75.066347
102.114564,108.238577,112.644825,100.498603,101.22081,75.538748
102.262297,108.749766,114.680579,101.007388,103.360982,78.440039
105.274399,109.847259,116.676299,101.236856,103.398524,77.291873
101.973346,109.724564,117.908649,103.686269,106.105401,77.355501
104.351072,110.814351,119.563593,104.045906,104.027895,77.062338
107.45018,109.12162,120.529268,103.898025,103.867726,77.353879
104.210539,112.146668,117.741677,106.026792,102.353842,78.109815
104.941904,113.093642,119.28488,104.884632,101.607309,77.368438
101.862196,112.903935,121.051794,107.929657,101.719004,76.180383
99.816525,114.651917,120.014757,108.332135,100.674702,76.190907
99.479603,115.552304,119.079402,108.963092,96.906348,78.612606
102.684226,117.20568,121.083877,108.957946,96.03608,76.815966
105.491148,117.158318,119.0352,104.730112,95.151282,76.781986
107.054,118.804644,116.085478,105.241558,97.507831,75.0814
105.024513,121.390247,116.739517,102.519845,98.947964,76.47291
103.748726,123.439945,118.326052,101.073218,101.519403,77.350605
103.604105,127.987113,115.991542,101.109766,105.667626,75.563789
102.706436,129.852566,118.587379,102.136436,104.808063,74.369039
100.309026,127.454812,118.801119,103.974793,106.543841,74.497693
99.219334,126.844728,122.620128,102.307104,108.344495,75.2233
96.773793,128.560918,121.094597,101.619217,113.139438,73.7636
96.364478,131.321935,117.044407,102.119307,114.53299,73.462364
95.545777,132.252996,119.171922,100.757992,117.301509,73.381938
93.347037,134.524193,116.406781,100.874163,119.151547,70.576867
89.551946,135.047941,118.555834,99.946589,121.081381,70.746737
87.975615,135.462008,119.923429,98.625963,126.518488,69.387738
89.716137,133.793301,123.693036,97.599194,127.222532,70.056911
88.533216,132.382343,122.811843,97.255648,127.193676,70.027281
88.615648,132.954009,123.559328,97.826358,127.484198,73.156927
89.299342,136.618054,124.672357,98.65251,127.460771,71.907033
88.268362,135.636028,125.268518,100.878364,127.688842,72.510547
89.168321,139.364627,126.965691,103.676999,128.71739,73.700509
87.848057,136.615657,126.51121,103.880109,129.198155,74.863862
88.918122,135.241512,125.648658,106.785326,125.859566,74.82366
89.046657,137.126528,123.091666,107.547081,129.094122,74.46839
87.379537,135.698373,120.454388,104.2401,128.419326,74.168242
83.455463,134.569848,120.021303,105.37664,129.245475,75.471467
82.785828,136.230712,121.169691,103.175524,128.768752,77.968313
83.43328,137.592829,119.223193,102.464846,132.293636,77.943775
85.748688,138.887682,118.85538,98.458104,128.663856,76.996043
86.738542,141.528902,120.377956,101.053975,128.123011,75.833555
84.868458,141.83745,119.660311,101.162548,128.577928,74.851875
85.982913,141.600596,121.719566,98.1511,129.848942,73.610988
83.80624,138.751857,120.825033,98.210436,132.029201,74.763991
85.361394,138.453932,119.809676,94.562734,129.715552,74.666949
84.328297,137.900125,117.577165,93.522518,129.066154,73.508701
85.346691,138.603701,120.431868,95.099086,130.28697,75.895305
84.449577,138.866959,119.755527,96.136898,128.358334,77.512964
81.552089,139.346905,118.777601,97.224254,126.92782,78.411397
80.713869,140.386971,114.350752,99.445567,125.87623,78.308959
81.363801,140.281597,113.078625,101.557063,123.102224,79.864986
82.07993,139.864586,111.612293,100.131667,124.749575,82.91113
82.41468,143.772459,111.909035,97.246157,123.322077,84.785858
85.198509,142.588203,109.857372,98.671887,123.065529,83.765751
85.906787,144.506355,107.072571,98.320477,126.954199,83.314218
84.582404,142.970846,108.061659,98.959363,126.555668,80.119801
86.934222,142.278874,105.548859,99.160389,129.220919,79.894039
87.430444,146.119532,107.186609,99.91123,129.44357,80.036093
87.653418,148.905115,109.046402,101.265564,130.110265,82.627104
84.765483,150.82098,108.65162,99.061976,135.749692,82.616443
87.985761,151.403106,106.552138,100.879542,138.43626,81.638334
87.37674,149.601072,108.30892,102.025781,137.404933,79.616417
87.457692,145.323866,106.831401,102.703912,143.140134,79.923633
90.06954,145.261245,104.675217,103.598208,145.141326,79.235776
90.183725,146.592431,104.366106,99.965735,145.785604,81.222053
89.857975,148.053779,105.174066,98.991041,144.250378,82.043918
89.115831,147.285729,106.275078,99.93769,142.860612,81.025758
83.782197,150.002123,106.788687,96.326093,144.682583,81.45605
82.100993,147.396258,108.246991,95.865274,142.175284,82.210995
82.985165,150.369493,113.205992,97.105141,145.10593,82.778474
83.547809,152.621054,117.751134,98.408263,148.780512,83.601962
84.597047,152.474252,116.823263,97.907278,157.117108,84.477359
84.423637,148.584262,116.775995,100.1274,160.749269,83.115952
84.064972,146.130264,118.404767,100.291515,153.079739,85.001387
81.96577,147.915195,119.420496,99.313136,155.517707,87.170236
80.841717,147.450435,119.655102,101.612853,159.212134,88.780512
82.215642,149.671794,120.489567,104.3627,160.794185,88.68349
84.876744,146.110349,121.558592,105.397631,157.371736,90.912887
85.039099,148.695589,118.3513,108.146569,155.312149,90.717221
83.820922,150.297739,120.844808,106.409709,154.679817,92.934271
82.240201,149.210243,124.362241,107.701794,153.731975,91.513811
85.066834,148.922421,122.704946,109.001905,150.297039,90.702933
83.206742,153.044618,121.133608,108.886272,156.049362,88.362918
82.709988,152.84498,120.704816,108.826293,156.160946,88.54375
84.436521,154.040348,123.989323,110.368438,161.652951,90.247935
85.544027,156.211156,123.804335,108.350555,156.229626,89.920808
85.408182,152.887522,123.108208,107.514629,158.929836,91.329093
86.462171,153.890752,121.27973,107.370996,164.775321,90.768519
89.331999,153.099097,120.426357,110.148036,162.939462,90.096709
88.613528,157.317705,120.080332,108.085908,165.002839,89.29339
89.365885,158.5425,118.739906,110.377932,165.498867,86.940887
89.961577,158.504328,116.505553,108.173567,163.252508,86.79124
88.754427,157.724131,113.681406,107.361095,163.720195,86.986029
88.503113,157.520304,114.639822,108.178522,167.014781,87.782422
89.36706,161.165377,119.721302,109.872706,170.981569,88.353312
86.53488,161.186028,121.317003,107.624676,172.980004,90.067785
84.241983,162.804448,120.211813,107.057849,177.643377,87.040582
84.6234,164.14319,121.247737,107.213924,177.513418,86.432606
84.11187,161.309578,117.581814,106.157162,173.823224,83.481825
83.306888,161.813636,117.218274,106.032986,174.164807,82.43593
81.898241,163.21908,113.800715,108.016407,173.320361,84.498262
81.396048,160.854664,112.793267,108.284597,174.65988,84.794118
80.12531,160.427354,113.885548,109.472066,175.257149,84.651591
81.220153,163.057638,111.681801,111.497357,178.641046,84.202445
82.214203,157.142389,111.561063,119.543716,176.530265,83.860961
84.295701,156.636543,110.794001,116.469778,175.717654,85.718684
81.942725,153.477836,110.379457,117.697958,178.422156,88.772678
83.883352,156.884641,110.291934,116.132584,174.816676,88.17472
84.027454,153.123507,109.659366,115.369234,176.610223,91.069892
83.579546,157.316949,108.9019,114.395923,179.344527,88.213996
83.063389,157.167748,110.081212,111.082629,180.480961,89.92657
80.967778,158.951884,110.761251,110.844518,183.564086,91.045542
80.797265,156.505537,112.078775,110.878438,178.648049,92.977515
78.727016,155.102279,112.095181,112.346158,181.310795,93.549055
77.376325,152.549549,111.248224,109.403351,179.388656,93.488275
76.586261,146.353188,108.318764,107.381531,177.561275,90.199686
77.160461,149.009063,108.988949,107.469563,177.316362,89.037702
76.862955,149.116081,109.892641,108.408587,177.508479,90.908612
78.555576,150.658667,113.218032,110.152758,177.718118,92.287261
80.208475,150.924303,112.235668,106.710878,175.255612,90.180788
82.487526,152.786231,114.67231,109.340519,175.62373,89.313767
80.921343,153.741951,117.152786,109.390974,171.861299,89.267468
80.651485,146.46488,117.319801,109.75029,172.2778,88.800821
80.315062,140.426419,114.962964,109.630345,176.84358,90.721959
81.582432,142.800419,113.578037,108.266162,172.513737,91.022198
80.929633,141.751211,113.925755,110.466506,173.247872,92.356963
80.523152,138.503605,113.172817,109.242057,173.418042,93.835083
80.028595,138.105039,113.907202,112.640897,177.03749,94.438427
79.289395,134.022626,112.237736,109.840631,176.330824,94.636083
78.893694,136.203048,109.635345,112.828678,175.929269,94.391021
78.433761,137.007462,110.174331,110.344061,177.338351,92.907285
78.817921,137.899059,111.053333,111.410701,179.636825,93.180877
79.82241,140.388017,113.663854,114.785997,187.448354,94.07122
78.760145,141.582499,113.568959,112.65855,193.48653,91.459071
78.782758,140.734966,114.239918,108.413966,196.395691,92.149836
77.300258,134.527103,112.516857,106.123092,195.978051,92.110129
78.503525,135.975237,112.180348,104.419097,195.111946,90.474802
79.607223,135.813018,111.172388,105.361155,195.209213,90.082353
79.239218,137.630435,110.499881,104.920764,196.813486,89.903624
77.21081,135.99988,107.926256,104.121554,196.770413,90.437947
76.792104,135.073133,105.096524,102.270318,195.643541,88.188158
73.762741,132.697687,104.759096,102.766721,197.759405,91.648976
73.738252,131.155802,103.940696,99.950664,195.543952,90.705225
74.844402,128.794844,106.251593,97.711163,200.086901,88.963455
74.343716,129.293932,106.494435,96.908898,203.489704,86.798441
74.064864,126.935117,105.898978,97.736282,204.329502,85.95653
75.787074,127.262321,104.495817,97.097822,204.892983,89.237779
75.996287,129.071394,103.270034,96.475659,208.749174,88.822065
74.93273,130.0863,104.465754,94.98229,208.573579,90.516637
73.978761,126.953716,102.91065,95.874934,214.620418,92.788616
72.590754,126.959189,105.157855,98.462862,216.485085,91.041215
69.738644,132.34998,105.003453,98.733964,216.416061,90.880038
70.408109,129.195429,105.270037,98.232591,218.241605,90.058023
69.857988,128.78845,108.517085,97.020972,222.380135,89.122318
68.903979,132.139757,105.487042,97.180556,225.108785,86.40761
70.987941,134.966218,107.050044,98.099692,226.236981,87.95644
69.823615,132.798107,105.444418,96.836535,224.138552,83.02594
68.897492,130.144721,102.880336,96.454209,223.471012,83.37227
69.012493,131.383212,105.29137,97.248373,227.612453,85.712549
67.815863,133.986393,106.026733,93.986188,230.663231,85.875722
67.727381,138.372301,104.383832,94.855638,233.190021,83.019353
68.161603,139.139414,100.098268,95.857357,237.26978,81.49096
67.311969,140.140759,100.820991,93.106944,241.705257,81.940888
66.54049,141.66716,100.383573,92.796895,244.809603,80.506985
66.654289,140.544543,101.827799,91.406265,247.850674,80.241543
64.835912,142.704528,102.032331,89.952927,255.470766,80.653547
63.579339,141.613272,105.875588,89.348216,249.139455,82.177896
63.49459,140.860448,104.003833,88.902354,244.507779,79.580968
66.066269,142.870983,106.125446,89.186059,245.199816,79.024581
67.089046,143.414145,103.298377,88.587167,245.027456,80.704287
67.488341,146.878705,105.476432,88.331929,241.099931,79.688767
67.886159,144.912573,107.760892,86.198996,246.97993,78.394855
69.063957,142.896034,108.642666,86.444751,243.519479,80.504944
69.733663,147.293787,110.818641,87.267296,251.01049,81.915571
70.465875,150.514925,111.798138,87.461853,251.032004,81.638256
70.075396,147.542496,109.423557,86.226278,249.986068,81.95588
73.27165,150.839813,109.949777,85.697981,248.144544,78.827901
74.259407,148.589173,111.446341,80.13218,255.111706,77.637273
77.268141,145.751472,112.411665,78.995439,254.292333,78.298804
80.067621,146.948604,111.481695,76.989152,256.453865,79.071117
79.802806,149.984548,112.244382,75.440323,251.782585,79.208165
80.46996,147.423269,113.908944,75.96304,242.055355,79.99172
79.814547,147.365238,116.095218,73.753526,247.306794,80.328942
80.140054,148.524627,113.759482,73.740449,252.661483,80.174438
78.152421,149.325545,115.207816,73.282497,254.771441,80.385258
80.123642,148.744596,113.428307,73.87784,254.99872,79.828437
80.499845,149.932161,111.381262,73.690703,261.33959,79.663463
80.764943,151.202854,113.024378,75.266267,268.584578,82.33416
81.444799,152.929781,114.305436,75.897657,269.273406,81.808698
83.0779,153.792653,112.688097,76.481151,268.698831,80.147502
85.01806,150.562138,113.409775,76.859315,258.78762,81.579992
86.119449,148.276991,111.030875,78.895246,260.396532,80.902793
87.218067,150.822125,108.923155,76.622343,261.761949,81.825442
86.107656,150.655745,111.882423,76.414228,260.007303,82.871165
86.30442,144.208681,112.14473,77.760225,259.562183,80.499583
86.238853,143.376224,111.74946,77.600332,259.313798,80.49507
85.789078,138.549634,108.930792,76.114194,255.841542,80.01285
84.725273,135.228552,104.463819,75.270612,252.230474,79.134574
83.782419,134.084564,104.684784,75.6975,256.265627,81.533522
84.123568,131.445978,103.343456,76.456733,258.822002,79.303491
83.220929,130.506555,106.702254,76.832557,254.235813,78.063392
82.733109,130.758807,108.003446,78.46886,260.667842,79.730645
81.73811,128.650753,106.389722,77.883064,262.024495,81.317033
80.497728,126.371042,106.962807,78.881261,259.378653,81.265159
84.229038,124.93021,106.505844,80.649291,260.258525,78.999856
83.542865,125.414432,107.468008,79.26392,264.095083,79.233168
83.269639,126.973601,106.172734,79.416673,268.084268,77.46785
85.7261,128.610058,106.180728,79.081135,259.239551,75.591554
86.7777,131.120785,107.914941,79.626732,262.567879,75.139177
85.810845,134.043008,109.097521,77.851703,260.222594,76.999393
85.003707,130.975239,110.286269,79.562182,257.501952,75.574838
86.241602,131.043626,107.637539,79.097156,254.64766,74.508687
83.83884,126.2029,102.306291,78.738593,254.106751,74.802484
81.748343,125.553057,104.486962,79.737294,250.458049,74.672067
80.226821,126.802142,105.491834,76.73317,249.834571,76.735454
79.279363,126.85572,108.15631,74.946113,254.25135,76.356137
80.872924,125.140653,112.531434,74.109545,253.878067,76.710872
81.116591,126.306024,109.334945,72.995825,255.438259,77.882485
81.178711,124.08646,106.318774,73.624493,264.290701,78.084436
82.039813,124.51012,105.698826,72.401641,256.699226,74.467076
80.304838,121.292975,102.698571,70.361878,250.325461,73.049058
80.028857,119.824607,100.406868,70.42981,255.748441,73.332072
82.724314,120.559945,98.878819,69.765798,253.021538,73.514353
84.492701,120.108402,96.052816,68.34057,258.036796,77.75628
85.633825,123.433713,96.827288,66.543215,249.268317,78.204032
84.925964,124.585332,99.759434,69.909717,250.835168,78.295969
86.863025,128.054189,101.66636,69.49316,249.359596,77.292975
86.009757,132.119156,102.867129,68.132459,250.419397,80.832521
86.462528,136.204347,100.292623,68.080469,253.652617,78.143401
87.838459,135.469418,101.36163,67.947697,253.676948,78.690747
89.496386,134.11635,104.609119,66.717978,254.950121,76.777325
91.50139,136.369149,104.729997,66.328332,245.410024,76.22027
92.487923,135.110584,103.329298,66.042934,248.816383,78.51454
95.70875,137.990807,104.253055,66.565866,246.635519,77.490401
96.040766,136.806809,103.155485,63.523714,240.473314,76.596419
97.575373,135.058957,103.41967,62.372885,241.10206,77.135895
96.29824,135.425831,103.549067,60.874505,246.620588,76.113965
95.525921,132.906781,101.45469,60.838894,249.028719,78.287174
95.890169,132.362873,99.144351,60.33767,244.920123,77.257656
96.029553,130.735767,97.3868,59.445596,243.728799,75.699169
95.28548,126.695909,95.998913,59.314434,244.283252,77.545586
94.072431,125.038281,94.73833,58.550666,241.274375,76.657999
92.986968,123.281891,93.154915,57.405949,235.824178,74.672999
93.971629,119.991929,91.373322,58.107205,237.272717,72.788309
92.186921,118.526516,95.922699,58.37513,232.997885,72.328077
92.175737,119.966707,93.354615,58.637007,233.750734,70.435837
96.337868,118.742691,93.187133,58.961799,229.430193,71.785671
98.108323,118.826796,90.768117,58.740941,239.698596,71.948855
98.222033,121.526467,90.975746,56.883755,237.87158,72.529924
97.407226,119.499938,90.876089,56.304827,234.084498,72.170411
98.1302,121.581329,91.075402,57.216531,241.395887,73.130111
99.083589,121.964013,93.421902,57.721779,240.462897,71.929445
97.704804,121.897036,94.271787,58.502727,251.684336,73.252559
98.099664,124.000868,95.512542,57.390276,248.689371,72.404198
98.673033,123.975136,93.44516,55.390324,248.624158,73.700787
99.287625,125.449128,94.821077,56.081043,249.802894,73.208658
100.031328,125.983871,94.541596,55.430481,245.225491,71.743814
102.074384,124.104232,94.564705,56.082208,242.931075,71.871379
101.318268,122.844517,96.144013,55.688772,242.035244,72.398748
101.981773,121.197801,98.188146,54.155584,252.395511,71.704498
101.72537,121.833727,97.764286,54.355524,252.434931,71.658269
99.23868,117.734655,97.033449,53.879921,251.188458,72.094101
99.706614,119.883892,97.826916,54.831829,258.38136,75.815586
100.025111,119.879721,97.372219,54.304066,254.788798,74.580005
96.185877,119.762147,96.804127,54.016974,254.375189,74.912075
97.38061,121.395613,94.786648,53.338968,263.869784,75.009585
98.608009,119.469141,93.560648,54.851188,267.215331,74.719354
98.248366,117.641963,96.532975,55.124813,261.211125,74.848324
98.057401,122.097766,97.457562,53.688488,261.009557,76.3523
97.245876,121.700229,100.344741,53.386496,260.010203,78.522042
95.748663,122.40353,100.757849,52.511745,261.283346,79.193952
96.735005,124.085647,100.719192,51.336579,256.515032,78.473592
97.557755,127.871805,102.565293,53.524711,259.930052,78.605984
100.456472,126.866735,103.322927,54.044071,252.93262,81.038085
103.13646,127.114327,101.956465,55.120553,251.561755,79.007273
102.691562,129.474298,102.950713,54.410183,258.213571,80.178696
102.671915,126.318482,104.992748,54.397374,247.605116,82.20661
104.271604,126.05773,104.302296,55.302462,250.031367,81.136627
104.833868,122.612686,104.738241,56.034572,241.595265,81.327776
105.410471,119.686048,102.692542,56.386915,243.192505,81.403532
106.235798,122.795018,101.403727,55.580846,243.56471,84.086962
106.106686,124.149674,99.306138,56.077326,245.902714,82.1333
102.354502,125.038764,100.224131,54.007776,248.483274,82.41854
102.650506,124.724048,99.340911,53.168929,242.974296,80.091328
100.787858,122.211033,97.297408,52.152445,239.183476,79.296156
100.440741,121.170596,98.073692,50.974861,240.023977,79.200425
99.360725,124.244259,97.666629,50.833797,240.912635,77.598512
99.49271,126.699591,95.134707,51.582553,243.641734,75.286539
97.157758,128.910802,95.59355,50.338001,250.74123,74.560824
96.604208,129.426793,95.603176,50.225128,251.933259,74.261628
96.397506,130.140505,95.085718,50.482575,251.441529,74.269618
96.611226,129.607723,94.987834,50.063214,247.170869,72.092083
94.676974,125.858099,94.694035,49.481348,243.594982,71.027344
94.752767,125.929709,93.383324,48.977933,237.402779,70.489311
94.711657,123.633788,90.5413,48.558427,235.822362,70.61683
96.585667,120.510575,92.724384,47.863016,237.050794,70.773318
93.550793,122.163946,92.965215,47.337143,240.291151,70.21648
91.766233,118.252241,91.940225,46.342043,231.605842,69.3212
92.612006,119.931817,92.386003,46.720359,234.548731,69.625163
91.236099,115.898804,90.927714,46.561845,230.940855,69.231048
91.977159,118.504984,92.12753,46.749258,235.339377,69.861067
93.022037,117.881086,92.325018,46.607698,235.089768,70.17079
94.743897,116.335132,93.006862,44.975497,241.469081,68.857667
95.697353,119.095424,92.722053,43.749493,240.593685,70.438202
96.440107,117.260025,91.688821,43.737307,243.460711,71.678825
95.464297,116.374114,92.856491,44.400549,240.437381,70.12488
95.309741,119.581428,93.363375,43.218481,238.456448,72.064505
93.899203,121.377828,93.522975,42.283577,245.939726,71.126775
93.64708,119.907804,95.723144,41.660771,243.618066,73.888508
93.511714,120.92798,94.889833,41.791144,245.839624,72.564933
93.35747,121.073812,95.574783,41.23068,249.485087,72.198264
95.475837,120.60033,96.292695,41.316763,245.361934,72.809607
95.840459,120.204835,98.473212,41.051026,249.612056,72.705579
95.591554,125.28717,99.5733,40.211561,247.975265,73.430775
94.725065,123.5559,102.436682,40.583413,244.289009,73.117649
95.685532,123.111005,102.500065,40.625355,243.63637,73.346561
97.881095,121.361534,102.724383,39.509361,248.233267,72.755682
96.921582,122.167788,101.318151,38.847328,255.47289,71.379407
96.473372,121.900055,105.728362,37.725574,256.986024,72.496195
97.626068,125.124168,106.366178,38.26748,260.179557,72.410811
97.10852,125.062413,106.656355,38.855528,269.720455,73.548746
93.924955,125.056407,107.285808,39.144047,268.347345,72.40092
92.747863,119.524599,107.088578,39.445793,271.720661,72.372408
91.464649,119.78285,107.698536,38.715445,269.342756,75.479089
89.030549,119.730521,109.072312,39.017147,262.318502,74.570345
85.124247,121.774844,106.027358,39.432743,257.285728,74.758908
84.323785,122.488256,104.711862,39.682483,253.709476,74.932122
82.874905,121.17747,105.681064,39.959037,248.346532,72.659974
83.885544,119.650396,104.712675,40.162349,258.590214,71.799537
82.347628,123.438556,101.098088,41.499004,253.034455,72.354506
79.830981,125.852419,100.86756,40.949241,259.981546,70.00481
79.692676,126.582167,98.893358,41.508319,251.310935,71.307072
76.821199,128.806637,95.766921,42.055026,246.539368,71.69171
77.870437,128.859983,94.698188,42.757096,243.625062,71.942535
76.759661,131.332666,93.512802,42.852184,245.855197,71.006651
77.230305,130.96185,92.317006,44.080745,240.445202,70.830705
77.062575,132.858798,90.891848,44.044982,248.520017,70.232735
75.609702,131.878733,91.898964,44.593641,248.409944,69.727383
75.817788,129.886115,90.923578,44.851849,251.180676,69.899295
75.079142,134.12848,89.167809,45.29675,243.512483,71.285634
75.484652,132.575112,89.697097,45.237631,244.269879,71.322869
75.836526,132.688318,89.604561,45.674043,242.466365,71.459795
73.337164,135.46169,88.892946,46.994411,238.802199,71.643638
73.130487,135.138832,86.553788,45.833816,233.605258,70.403719
72.298111,134.567937,84.417137,45.253007,232.62972,70.525173
72.827356,129.190406,86.614376,44.734756,232.87978,71.05453
72.760817,127.92475,88.425031,43.695752,238.196565,69.908679
70.286315,127.373033,90.455289,44.083637,237.027082,69.805295
70.293825,125.675716,88.916091,44.338311,242.617479,69.847658
70.386421,128.663853,90.652837,44.602718,242.989275,69.024377
69.851302,126.187311,90.754578,44.868857,250.537293,70.043361
72.397994,126.305187,90.146825,44.283154,251.052928,71.692505
72.173983,126.497198,90.835178,44.024639,246.38889,71.285672
72.51319,127.777323,92.408914,45.247276,247.556537,72.073677
73.97615,130.752141,94.779401,46.515705,248.392706,72.43838
74.918636,130.744542,91.883209,46.624578,252.728329,72.507794
74.673772,130.531186,92.363936,47.748163,252.773628,71.824487
73.929045,127.789611,91.028741,47.654238,259.071792,73.944033
76.162386,128.935474,90.361058,47.210219,250.461694,73.759676
75.09471,128.046956,89.265637,47.333282,259.152869,74.603908
77.343766,128.275094,88.289777,46.159258,253.799131,74.941688
75.00425,128.62146,91.11953,45.754195,247.662546,76.128822
75.193183,126.755929,92.26901,46.405025,241.358977,75.463064
75.440665,129.444683,91.475427,46.037668,244.633499,74.774563
76.098016,127.500188,90.931435,47.303851,244.705211,72.669322
74.574038,126.953714,91.044952,48.428905,250.118368,72.289709
72.943423,127.255455,92.518687,48.783253,243.010002,71.716414
73.090179,127.492524,90.552144,50.020848,237.362325,73.202371
74.028911,126.73361,93.662352,49.139424,239.098293,73.341775
74.736234,123.642135,94.900489,49.764045,234.022931,73.898415
76.641672,123.37411,93.01479,50.764775,234.659491,72.486465
76.833945,121.158825,91.822203,50.844947,244.669376,74.108345
74.760375,119.888543,92.661992,51.358498,248.334052,72.572167
74.128591,118.672075,93.208134,51.971081,247.935226,71.789485
73.438378,119.578732,94.292432,51.798424,245.203651,71.843808
73.461266,122.311859,94.176529,51.457148,253.975702,71.459252
74.305528,121.242511,94.062884,52.393867,253.883906,70.575677
72.457192,121.054706,94.523479,53.385149,254.932768,68.519046
73.983934,120.929429,93.482129,53.515277,261.327837,69.454143
74.167953,119.365821,94.691406,53.876503,254.929606,70.862886
74.897384,118.956017,93.534787,55.021563,253.735083,69.243788
74.390971,115.094973,93.981671,55.548232,249.461082,68.742969
76.436906,113.231692,93.498119,56.171809,251.952105,67.088617
76.681921,109.795323,93.48142,57.382991,251.953705,66.304175
73.663647,109.682235,95.938789,57.405345,247.894445,66.368489
74.896066,109.99572,97.824532,57.881842,248.122009,66.266454
75.200104,110.189454,99.765502,58.751969,248.818058,68.101638
73.394009,112.449177,100.030877,58.010768,250.297699,69.170894
74.58878,113.914203,98.238262,58.285946,251.857424,66.538102
74.557647,116.153723,100.834017,58.210551,247.709771,65.535232
75.557767,117.391424,98.917524,57.801698,246.93723,66.971199
76.129395,118.909826,99.390667,57.622248,235.265069,66.119854
77.166754,118.936756,98.578097,57.360894,236.904973,68.576815
79.344747,120.696714,101.722441,58.114645,237.440107,68.639084
79.096627,121.109192,103.687048,59.033379,238.724763,70.432348
80.664332,123.192856,104.766395,59.193509,238.797545,69.480498
81.456504,123.13297,104.156308,58.969895,230.243719,67.786696
83.689555,122.847836,102.053842,59.553121,230.609467,67.177624
84.12152,121.590683,103.806408,59.863935,224.744235,67.458061
83.636301,121.34142,107.357696,58.499014,226.089128,67.944188
84.760432,120.644914,108.782611,59.202154,221.982947,68.752303
85.580031,120.196656,106.580208,57.143978,210.93175,68.457196
87.305333,123.309624,108.962777,57.58841,206.468384,67.981182
90.124685,126.687897,108.256952,57.292842,209.412149,68.536519
91.947628,121.149708,107.885245,57.926027,210.917383,67.421213
91.518396,121.981196,107.461848,60.372678,207.662174,67.059141
92.257822,121.658025,107.458522,62.271427,199.792202,69.635994
90.000448,120.553879,106.686796,62.868183,204.78361,70.849275
93.876415,120.600955,105.384738,61.822466,204.604685,72.671308
94.661093,122.456266,106.076847,62.555107,205.603636,73.291585
96.016893,126.130556,107.58076,64.426035,208.441945,75.45701
95.206713,126.625446,110.370535,65.653005,220.483345,76.660944
97.929932,128.552317,113.272772,65.987981,216.865677,75.386211
96.422967,127.40762,113.570307,68.100096,217.434522,74.168242
93.689564,127.834983,115.886276,68.301487,215.821349,73.572451
91.311524,127.02117,117.038879,71.466098,216.902845,71.751935
90.253617,127.938786,119.50827,71.230878,213.412353,70.482705
88.063687,131.400387,116.626282,72.718019,210.812314,70.664742
87.880261,130.670761,118.443408,71.027752,217.678307,68.091442
88.612999,131.862313,114.682203,70.288271,222.315402,68.881242
88.589084,138.050848,115.862924,68.515791,219.901873,70.027764
87.76204,138.819603,116.858526,66.398403,222.859421,69.72297
88.380971,134.959326,118.252331,66.095433,220.79985,72.295897
90.808497,131.973765,117.556329,67.306733,220.292247,69.94222
90.290255,127.592195,118.645193,67.65007,214.767839,71.161285
89.707634,127.998538,119.908923,65.998035,222.174207,70.997375
90.254679,126.147031,122.147341,65.401011,219.680975,71.348191
87.908198,129.465442,119.279339,66.918927,215.257839,72.729108
88.571251,128.274076,120.769377,66.001535,218.859798,71.462265
92.627787,126.374022,120.256597,67.383659,212.447555,73.900149
88.69731,132.030765,115.490131,69.599715,208.629845,74.172015
91.395047,132.012492,114.751216,70.794898,203.522678,76.388658
87.223358,133.428832,113.210552,71.646214,203.093694,75.464138
84.801677,132.37707,114.60435,72.86367,198.495889,73.118112
88.016076,131.49555,113.206071,74.129938,202.745243,70.326344
88.845701,133.395308,114.496857,74.081663,198.874555,67.341925
89.089268,132.733687,112.649125,72.266537,194.014582,66.512598
92.145201,130.229572,113.859051,72.028348,194.098618,67.119651
90.443987,132.814572,111.917515,73.037786,193.064191,69.414189
89.637272,132.13261,112.555387,74.148452,195.780961,69.476552
89.814782,133.534655,114.001764,74.472577,193.888508,68.222821
88.436023,133.915746,114.978964,75.461791,190.867988,67.470931
87.766043,130.049329,114.733268,76.677844,196.67557,67.409458
88.231315,131.684058,113.30001,79.896421,193.844588,67.426783
91.792366,129.051636,113.942281,80.835243,190.122994,68.460968
93.006174,126.654511,117.12833,77.009891,192.45265,67.220621
93.865119,125.271293,118.797006,75.463755,193.31381,66.908345
96.644849,124.384799,120.194245,75.446491,192.263152,68.291697
97.300812,124.799442,118.310772,77.988465,190.594685,68.918291
97.540728,127.248757,114.482376,80.948202,185.189824,69.852648
101.563393,123.051448,116.615371,81.176892,181.379748,72.205086
101.940378,121.436482,116.55323,82.791642,183.110593,70.768674
101.820663,119.470113,116.74326,83.524111,173.867292,70.892696
100.267694,119.851557,116.009476,81.920567,175.92396,70.293279
98.368445,119.848362,118.045738,79.921949,175.712859,71.86984
97.335625,119.248748,119.483769,81.182499,174.98617,70.333311
97.48964,117.841549,118.300845,81.95851,178.480013,70.482293
99.743897,118.998817,116.534626,82.130248,183.879243,69.151206
97.668303,121.506492,116.757355,81.583582,187.429511,70.257406
97.244577,118.940076,115.720419,79.449824,185.169198,68.261642
96.948235,117.748327,115.469963,79.291606,185.455828,68.84604
98.046177,119.394658,118.688609,79.654153,183.91407,64.953787
94.74057,118.642426,119.88957,80.426223,188.036589,66.534743
95.552964,121.648746,119.518102,78.467139,188.105881,68.090053
94.597958,123.327663,120.799142,78.176616,186.675441,67.851685
93.814393,124.739922,122.379409,78.594856,184.416755,66.457804
94.530566,128.033381,122.245082,76.367992,183.362236,68.042644
94.602756,126.227814,125.08515,76.271916,181.172822,69.658202
94.939192,125.371997,123.455937,80.157118,179.690559,69.026701
93.60299,128.42111,126.354416,79.139977,179.487312,71.201313
94.963215,130.663938,120.396595,78.90062,183.444414,70.985282
94.923982,131.551883,121.771861,79.846392,185.010785,71.166805
96.184092,133.018491,122.437402,79.721231,183.634801,70.439109
94.915997,135.878561,122.296473,76.916772,185.16368,70.542536
93.959892,134.633292,126.042247,75.311936,184.339941,71.677625
95.484253,130.606737,131.370249,74.999449,184.304946,72.529609
97.506646,129.483995,129.484869,75.54196,181.881207,73.597843
97.780549,127.198095,133.647203,75.295189,180.981496,75.40631
99.065807,125.78464,132.635184,75.829495,178.087683,76.289629
97.140597,125.23402,134.697206,76.958592,178.864383,74.914648
97.803371,124.499614,131.680628,77.255925,185.706656,75.61688
94.488369,124.744765,133.527326,76.744174,187.388703,76.732636
92.604577,128.044462,132.203129,76.593491,193.412287,75.497937
92.164734,128.054408,133.034033,77.413761,195.47289,75.910649
92.741565,129.234491,134.117257,77.633651,194.580898,75.108933
93.002085,129.72699,131.994986,74.939404,197.292975,77.312033
92.392325,129.939946,137.786617,73.893762,191.228256,78.332474
93.135804,131.329943,133.830824,74.363416,192.986076,77.994453
89.862785,132.922424,134.196191,73.697928,197.539276,77.920663
87.221681,136.674368,131.204534,74.991395,195.666747,78.117652
86.48923,138.937902,128.35133,77.114576,189.751941,80.760603
87.223168,143.382079,129.845804,76.957365,188.525271,77.725718
87.319166,140.95732,127.005698,75.643483,187.172526,77.035299
85.466265,144.049883,125.192269,78.467132,185.220823,76.97674
81.397625,146.178963,125.190762,76.831842,189.269082,76.007932
81.554933,146.386946,122.194005,79.190719,183.596945,78.184224
80.85759,147.157823,117.769382,80.894678,182.322757,77.905479
82.527426,145.98731,116.200801,81.818498,183.749303,77.149253
83.045124,148.55377,115.080119,80.992776,185.851729,77.530251
85.750394,147.228811,116.484157,80.94531,181.801734,78.274638
84.152811,147.083674,118.063582,78.954698,187.282122,78.142056
82.753104,146.210695,116.323281,76.388666,184.94647,76.281767
84.784862,147.438436,118.398528,79.086882,187.260406,77.900543
84.869855,151.358468,120.232475,80.157306,185.821736,75.189212
86.132301,154.281976,119.774615,77.716826,183.201023,74.780042
85.680902,155.752132,118.591436,78.487227,182.003448,75.075362
84.601506,157.218143,118.128721,78.527259,182.571379,74.855146
83.163778,156.027032,118.292743,81.230946,188.460793,76.05981
83.387304,157.723821,119.231688,83.373739,187.752316,74.556382
80.306254,154.601795,118.382207,82.424829,187.918229,74.797868
80.366821,153.365234,117.524602,80.021301,184.416022,74.362546
79.105932,159.282409,115.382837,83.700103,180.748948,74.489833
79.680575,157.620501,115.794544,83.545333,180.577619,74.5376
79.989812,155.151246,117.164646,83.275704,184.612753,73.532775
80.563209,151.452808,118.832373,83.015018,187.849978,72.925826
82.7396,153.300052,118.759461,80.547961,183.010914,72.080911
82.997295,155.571195,120.07764,82.657413,182.660644,71.089579
81.947335,158.540477,120.886867,81.406901,180.049225,71.509504
85.156319,160.426127,120.155363,79.50515,181.116872,74.463418
87.08592,165.02258,124.609215,79.930722,183.334592,75.71342
87.245289,164.967851,124.131164,79.879221,182.742507,75.238678
89.497046,162.984375,127.390895,79.309736,182.753186,76.258757
89.275514,164.129117,123.738097,81.044738,180.748488,78.673894
91.419183,162.614134,126.10236,80.907642,179.013257,79.422546
90.533839,162.388579,128.464132,80.121153,183.522147,78.974482
95.275248,162.80552,127.177296,81.936554,184.580031,75.683301
92.482599,166.790055,126.734796,80.241617,187.627833,75.311822
93.58358,167.022997,123.141199,81.532401,188.227488,72.17616
94.583538,166.308393,124.351605,82.729838,185.951708,73.176856
96.323519,169.813615,127.529205,82.919923,186.70914,73.572431
93.302867,163.965832,122.426954,82.703131,185.740335,73.064471
92.105807,161.527279,123.443466,86.073997,186.850108,72.517171
92.634338,159.348164,120.219279,85.53324,188.383527,73.612182
95.502727,159.458754,117.396395,85.400515,191.581445,75.644888
96.030461,161.380622,118.076439,85.05427,189.487485,77.675044
96.257959,160.579863,116.989587,84.896821,191.586179,78.7592
96.786346,161.598919,116.721786,83.954361,190.100256,79.303853
96.294253,157.031822,118.52482,85.457821,189.118321,78.998623
96.896429,153.491521,115.96664,86.324867,191.524724,78.909254
96.442582,152.970008,116.753692,83.641625,196.186648,77.623427
99.846653,149.653538,118.219132,81.123453,198.538089,77.474798
99.148368,149.336632,120.748014,79.792808,199.058333,75.860161
101.771553,147.38825,124.14813,79.163005,199.134356,76.728902
101.433639,148.425653,126.495669,81.167113,202.846558,76.59283
97.129575,147.065546,125.881232,82.067787,210.188093,77.39749
95.931438,149.566569,129.184523,83.551672,210.820281,76.870257
100.22527,153.883769,129.983505,82.598871,207.476826,76.187789
99.826508,158.334273,129.699338,80.366556,209.925585,77.477817
100.881023,158.884037,128.036309,81.608288,212.363358,75.084772
101.316531,160.33267,126.307656,80.935044,209.810054,75.968716
101.331818,157.92814,123.063769,80.906433,213.299209,78.491972
101.848448,155.53521,126.652762,77.430748,215.227946,77.995593
100.425989,157.971221,125.678593,76.732799,216.878057,76.728081
97.16602,160.851222,125.750469,76.163579,226.402216,75.391953
97.388346,163.651845,123.602075,76.744732,227.227067,73.752913
95.829335,165.5556,125.213669,74.032279,228.116249,74.102159
95.912714,162.544404,128.4104,73.800391,227.183879,75.034476
96.423868,165.050187,126.841869,73.50367,230.021055,74.817231
94.635637,166.751764,128.13159,72.558874,230.146945,75.537286
96.150551,167.079677,126.467713,73.779104,227.704785,75.789507
98.301444,163.356099,128.341196,73.653948,226.22384,76.484016
96.4631,162.333069,131.019274,76.213465,228.895245,75.999268
96.088949,158.716783,128.441095,76.994772,240.906036,76.483693
94.718115,159.236909,130.465147,76.569465,237.396316,77.217132
94.620634,156.916904,131.090269,77.776253,235.709052,76.117351
95.670776,155.016013,132.688279,77.147136,236.62487,74.296952
94.43481,156.219737,132.49813,77.033099,237.270676,71.750473
95.134696,151.466044,134.631185,75.824406,236.007816,75.025363
96.377672,149.908791,133.7932,78.556743,231.761401,77.059557
95.113345,154.830846,130.628609,78.440873,237.803489,74.973933
92.268695,156.03267,133.402042,76.074428,241.897129,75.76197
90.381873,151.649705,133.249847,76.45005,246.577341,78.003439
89.724213,153.570598,133.761848,77.504594,249.17528,77.447632
87.64352,152.308418,134.668253,79.083639,252.286626,78.560376
87.662969,150.810171,129.664499,78.178414,253.399461,81.325565
87.685961,149.556754,131.983263,76.34049,260.714447,79.11355
89.695767,146.371548,134.439383,75.550757,261.068964,79.961504
91.744645,151.000855,135.472671,76.420166,264.776002,81.334883
90.244766,146.908346,134.471195,75.375008,259.350854,78.867906
89.854943,148.784452,138.095422,75.041362,254.374433,79.718219
89.45051,146.694138,140.640937,75.745868,252.399692,77.037701
90.050052,144.159767,139.233653,77.042866,249.379095,76.423396
90.510249,145.957272,133.82755,77.177182,256.579793,75.853214
90.122994,148.532213,130.400496,79.269956,256.860155,74.816793
89.377639,149.673882,131.42061,76.439321,260.32367,73.668236
89.571207,146.46055,133.725936,73.3592,262.654157,73.950396
88.75874,149.497395,133.575401,71.505111,268.723453,73.125248
90.48739,149.995966,131.865624,70.468191,263.828557,74.061303
90.442073,150.774387,135.028241,70.479876,254.734175,72.714884
90.302274,156.449559,136.556412,69.434735,251.980981,72.554743
92.236774,159.018204,134.953073,67.657361,252.690466,74.386454
94.115257,161.434674,135.811378,69.874136,258.091764,75.312298
93.068214,160.789923,135.823524,70.324039,260.636782,76.052786
90.847074,162.064658,136.798143,69.369527,268.457491,76.092226
90.56794,160.802745,140.814152,69.023459,263.200042,77.560141
90.599936,160.668102,141.348687,68.587694,267.341962,77.278503
91.735828,157.850231,144.83511,66.508332,281.714318,76.476981
89.059628,154.906386,137.616337,65.8469,282.083286,77.809823
90.994807,155.092295,133.580372,64.538694,279.683807,76.208502
90.891197,158.127094,129.882779,66.098276,278.56552,74.6696
93.19047,155.296559,130.064209,67.449913,269.611929,76.984581
90.17341,145.9561,129.598939,67.069948,267.672342,76.349109
93.375664,152.411815,129.869832,67.179014,267.776867,76.243664
94.159449,150.12575,132.980606,64.880003,270.416512,74.949189
93.718655,151.446352,131.661435,65.73063,269.823344,75.238032
95.355814,153.855639,130.851062,65.014815,270.003273,78.595155
96.865402,152.177777,129.075259,65.220323,271.955567,79.176941
94.505955,152.638764,131.213583,64.714396,271.593927,79.386976
93.120297,151.900874,132.117738,66.458256,271.596208,78.179604
91.998246,152.936141,134.094327,68.152401,271.265864,76.157914
90.995154,147.971354,133.423144,69.514992,275.15129,77.126854
90.463209,141.809056,133.748441,70.205037,276.795267,76.039227
91.944261,140.423223,130.845432,70.198472,284.812509,76.460751
91.874167,138.149876,127.203933,70.02736,288.578543,79.64553
91.529681,137.147621,128.96709,70.78807,294.107864,80.008993
90.158832,140.23455,128.98727,70.645169,299.575885,79.663424
90.163125,142.348076,128.968218,71.842869,293.493526,79.809756
90.059,144.32556,132.427279,71.147609,290.778601,79.361079
92.502111,145.206708,128.78073,69.819417,291.297738,81.78405
90.508841,146.830132,125.45901,70.542199,287.733283,81.821727
91.624284,146.764207,124.364689,71.216322,279.668897,83.168792
91.73545,147.978008,123.303341,74.234668,272.289581,84.561433
89.151818,150.811523,122.338312,75.271303,273.222482,83.780685
86.94138,153.760789,122.585753,74.581268,282.717775,84.444972
88.276741,155.70661,120.621028,74.894316,291.36873,82.024518
87.22126,153.254231,119.702928,75.076652,295.42445,84.097905
87.31353,155.347014,123.373892,75.50858,298.152243,84.033533
84.78235,159.151871,121.124334,76.557262,296.588383,87.049324
83.376206,160.796998,120.55366,76.730834,296.689104,86.728165
83.325519,160.306309,120.007034,80.173548,301.120729,83.929639
83.835885,160.348045,113.925896,79.398315,312.901918,85.490749
85.08292,163.045841,115.930202,80.768523,317.894912,86.677705
86.474865,164.981091,116.786383,81.025446,317.735107,86.377311
87.156985,167.742352,120.21963,79.648011,313.152233,86.296567
84.966181,167.551604,127.225492,81.272704,311.575694,81.937479
83.539822,169.421925,123.948705,81.970329,308.636887,81.883114
85.442681,168.75276,123.560016,82.51517,301.60722,82.636956
85.789622,169.258901,123.19748,84.208434,296.737025,83.529758
88.324795,166.229211,124.208279,82.159002,300.509591,83.231779
90.439965,166.138318,119.543371,82.734494,304.443312,81.690965
90.547011,164.023454,120.420291,84.669358,303.003885,78.866843
90.401451,165.203341,122.068381,84.353334,296.275611,78.326453
90.17965,163.980188,122.933124,85.947484,296.550269,76.311134
89.679046,167.056884,123.895539,82.797033,296.473564,77.616841
88.706544,165.905958,127.188935,83.38644,293.900398,77.688138
89.55188,162.655927,129.156334,80.657446,293.840693,78.630802
93.187385,160.442574,128.966389,83.901178,286.171726,79.639546
91.339636,158.46001,128.326334,83.91951,289.094501,81.04892
91.86459,160.097163,129.605573,84.087123,298.919113,82.789373
93.348206,161.714427,129.803962,83.613441,296.319034,82.192018
93.081937,160.029506,128.175867,82.830857,295.362268,82.392758
90.358361,159.466667,127.887793,83.999682,305.804998,83.027595
90.893831,159.095312,126.018021,82.43212,304.174245,83.496494
88.585876,162.27983,127.289454,80.625286,306.205788,84.780219
87.48791,159.388371,130.253464,80.744635,300.347068,85.802485
86.063343,161.640377,126.407393,81.456952,301.987569,84.680424
84.077733,162.362564,127.982401,80.331573,313.522103,83.606578
83.153486,163.999783,129.780297,79.036088,315.887238,82.329193
82.406232,172.857535,126.77601,79.555889,316.82458,80.148329
82.67317,172.482068,127.120867,79.424285,317.517844,80.060392
81.160161,175.553756,125.200318,80.572523,313.79284,80.921679
81.170241,175.822278,125.220107,80.524678,314.134184,81.007482
81.292639,175.895174,125.133775,80.595569,314.526373,80.970775
81.113542,177.116508,124.448031,82.440522,309.709301,81.512699
85.201884,173.112168,125.871424,80.379352,313.493231,81.318298
86.520706,163.638612,128.498533,80.288453,314.913983,81.454531
